"iso3","whoname","sex","year","age","pop","nLx","lx","deaths","crisis_deaths"
"LKA","Sri Lanka",2,1985,0,186727,98224.594840039,1e+05,3750.09130683173,100.136291646443
"LKA","Sri Lanka",2,1985,1,764273,390146.63310822,98027.3276000434,1601.98450046255,105.245613076246
"LKA","Sri Lanka",2,1985,5,921260,485085.134861976,97209.5453950629,731.251111693348,62.5515876240904
"LKA","Sri Lanka",2,1985,10,846374,483518.779955449,96824.5085497275,422.741909109875,55.1953010731551
"LKA","Sri Lanka",2,1985,15,836017,481398.066339511,96583.0034324521,1053.76133778462,73.7000077338697
"LKA","Sri Lanka",2,1985,20,769024,478053.468826186,95976.2231033525,1176.02256670136,66.1739086543196
"LKA","Sri Lanka",2,1985,25,710425,474364.600501409,95245.164427122,1114.97222016962,46.3266912882783
"LKA","Sri Lanka",2,1985,30,575178,470739.958856613,94500.6757734416,861.860460979322,38.5554737962365
"LKA","Sri Lanka",2,1985,35,496338,466569.942447669,93795.3077692037,1024.05674647432,31.0100295396794
"LKA","Sri Lanka",2,1985,40,395376,461506.271763212,92832.6692098637,910.534454,22.0958734662909
"LKA","Sri Lanka",2,1985,45,337287,454816.27307878,91769.8394954211,1196.30985261801,20.2403464888496
"LKA","Sri Lanka",2,1985,50,288797,444708.414221766,90156.669736091,1578.04331176087,19.4472720544963
"LKA","Sri Lanka",2,1985,55,248747,430194.77700705,87726.6959526153,1951.76892574766,17.4292963090014
"LKA","Sri Lanka",2,1985,60,202393,408038.364833282,84351.2148502048,2721.67384389881,15.7810717467246
"LKA","Sri Lanka",2,1985,65,150947,372600.652731274,78864.1310831082,3519.66022726923,14.2800233247955
"LKA","Sri Lanka",2,1985,70,109177,317839.083177491,70176.1300094014,4539.88113739773,10.4714220713679
"LKA","Sri Lanka",2,1985,75,70895,245816.631801991,56959.5032615948,4496.92892916667,7.6032470819038
"LKA","Sri Lanka",2,1985,80,36049,159533.041410531,41367.1494592014,4275.51616740625,5.07461762906688
"LKA","Sri Lanka",2,1985,85,15788,85118.9881738825,22446.0671050109,4076.7765706,2.44345430083134
"LKA","Sri Lanka",2,1986,0,180828,98441.4567883477,1e+05,3181.00231651845,59.3003424287421
"LKA","Sri Lanka",2,1986,1,757978,391415.233854349,98268.2853203863,1337.72829035936,109.654103445655
"LKA","Sri Lanka",2,1986,5,932036,486950.897753647,97577.4905590547,717.035757653996,66.5823229993247
"LKA","Sri Lanka",2,1986,10,854659,485394.881834139,97202.868542404,436.286276796635,58.9737296525159
"LKA","Sri Lanka",2,1986,15,837492,483467.926954911,96955.0841912516,905.967660004187,77.9519613553325
"LKA","Sri Lanka",2,1986,20,777912,480583.031172637,96432.0865907128,1021.3259267276,70.3030435428209
"LKA","Sri Lanka",2,1986,25,723756,477354.084472637,95801.1258783418,1001.61752739028,50.0220590483932
"LKA","Sri Lanka",2,1986,30,596042,474045.501236714,95140.507910713,833.392094114162,42.3705946086676
"LKA","Sri Lanka",2,1986,35,510193,469955.327811288,94477.6925839725,1056.58425555487,33.8708323253562
"LKA","Sri Lanka",2,1986,40,411127,464756.384836968,93504.4385405428,978.661791441048,24.7311369420257
"LKA","Sri Lanka",2,1986,45,345310,458168.172383338,92398.1153942445,1152.34065376147,22.2971689526369
"LKA","Sri Lanka",2,1986,50,295422,448484.796872956,90869.1535590908,1544.27509154257,21.3295654687083
"LKA","Sri Lanka",2,1986,55,254258,433643.257348375,88524.7651900917,2106.23029223702,19.2390021349771
"LKA","Sri Lanka",2,1986,60,208854,411259.068279763,84932.5377492581,2722.7603861727,17.5002896689558
"LKA","Sri Lanka",2,1986,65,156321,376636.516846954,79571.0895626472,3522.722157,15.8443068357842
"LKA","Sri Lanka",2,1986,70,112290,322752.333418076,71083.5171761344,4545.87721821192,11.6996905234971
"LKA","Sri Lanka",2,1986,75,73564,252760.242759505,58017.4161910959,4345.48011992754,8.60125182354417
"LKA","Sri Lanka",2,1986,80,38464,169460.003122926,43086.6809127059,4174.01364433735,5.81092620427764
"LKA","Sri Lanka",2,1986,85,17930,104084.672901849,24697.3203364646,4118.81300285714,3.00705040746879
"LKA","Sri Lanka",2,1987,0,174588,98342.7982336251,1e+05,3268.92311818778,37.7876585236943
"LKA","Sri Lanka",2,1987,1,747533,390783.111901869,98158.6647040279,1475.76790604321,149.030782977046
"LKA","Sri Lanka",2,1987,5,940421,485933.292610869,97387.1868230936,776.160136162267,90.072258486797
"LKA","Sri Lanka",2,1987,10,868428,484228.762114558,96986.130221254,503.51412471472,80.1080931062189
"LKA","Sri Lanka",2,1987,15,835902,482141.748925628,96705.3746245692,960.570694641377,105.386030165563
"LKA","Sri Lanka",2,1987,20,790277,479176.984022898,96151.324945682,1042.08153517712,96.1678220656459
"LKA","Sri Lanka",2,1987,25,732144,475964.5198093,95519.468663477,1004.66474684485,68.0471047353121
"LKA","Sri Lanka",2,1987,30,621763,472547.734019631,94866.3392602431,938.911911098762,59.4665132553572
"LKA","Sri Lanka",2,1987,35,521371,468582.213957398,94152.7543476095,970.929691973876,46.4835740722922
"LKA","Sri Lanka",2,1987,40,430138,463814.018590463,93280.1312353495,959.53211717965,34.7631032818179
"LKA","Sri Lanka",2,1987,45,353571,457472.135177034,92245.4762008357,1160.94154835072,30.8139147241062
"LKA","Sri Lanka",2,1987,50,303131,448144.681978966,90743.3778699779,1507.64595495942,29.6419825017929
"LKA","Sri Lanka",2,1987,55,259895,434620.80132932,88514.4949216085,1901.97995167539,26.9255438296611
"LKA","Sri Lanka",2,1987,60,215584,414718.591395766,85333.8256101194,2484.90860805068,24.5768203606363
"LKA","Sri Lanka",2,1987,65,162780,383250.504215509,80553.6109481872,3315.91670678391,22.8236751608167
"LKA","Sri Lanka",2,1987,70,115632,332920.069623558,72746.5907380166,4280.85385709448,16.6715437212287
"LKA","Sri Lanka",2,1987,75,76302,266255.430164261,60421.4371114066,4109.67864699189,12.3793579584675
"LKA","Sri Lanka",2,1987,80,40828,185081.804360796,46080.7349542979,3999.09938530886,8.4172615972096
"LKA","Sri Lanka",2,1987,85,19873,119342.83079203,27951.9867900206,4498.52653901528,4.60512096300858
"LKA","Sri Lanka",2,1988,0,168784,98410.3219564394,1e+05,3029.40465740413,35.1725374100072
"LKA","Sri Lanka",2,1988,1,734739,391202.728633808,98233.6910627105,1355.42906537276,172.450076009423
"LKA","Sri Lanka",2,1988,5,945228,486600.825764722,97512.0095556129,745.320153373865,104.669674402248
"LKA","Sri Lanka",2,1988,10,885455,484956.826749471,97128.3207502761,500.118102710045,94.4770974837977
"LKA","Sri Lanka",2,1988,15,833434,482913.960617266,96854.4099495124,937.539809180219,122.216906420198
"LKA","Sri Lanka",2,1988,20,803928,480016.212016597,96311.1742973941,1031.44462850425,112.941295664574
"LKA","Sri Lanka",2,1988,25,737390,476892.232972835,95695.3105092446,979.895523093356,79.3128175099363
"LKA","Sri Lanka",2,1988,30,649299,473576.536365015,95061.5826798896,949.524556861686,71.7890500003096
"LKA","Sri Lanka",2,1988,35,531678,469723.667587057,94369.0318661165,960.522592364542,54.5383846965438
"LKA","Sri Lanka",2,1988,40,450621,465069.543704807,93520.4351687062,981.579845364743,41.907855126838
"LKA","Sri Lanka",2,1988,45,362694,458844.388306347,92507.3823132165,1167.50346330705,36.1549693566481
"LKA","Sri Lanka",2,1988,50,311549,449660.041472015,91030.3730093221,1522.0139527992,34.6880545506585
"LKA","Sri Lanka",2,1988,55,265721,436373.234511009,88833.6435794839,1898.64145333429,30.9345746861886
"LKA","Sri Lanka",2,1988,60,222404,416746.513573404,85715.6502249196,2525.68472453195,28.3432011443556
"LKA","Sri Lanka",2,1988,65,170047,385690.198030918,80982.9552044421,3390.37064501524,26.3813685832838
"LKA","Sri Lanka",2,1988,70,119361,335766.025398499,73293.124007925,4365.3425764093,18.9036817550203
"LKA","Sri Lanka",2,1988,75,79181,270147.258123104,61013.2861514745,4093.96716082018,14.0837717273403
"LKA","Sri Lanka",2,1988,80,43162,191026.813807118,47045.6170977671,3994.8638629394,9.69004964355488
"LKA","Sri Lanka",2,1988,85,21480,125509.958689895,29365.1084250802,4856.4206368968,5.37916764020089
"LKA","Sri Lanka",2,1989,0,164421,98465.4092936025,1e+05,2847.23719896204,12.0631544767187
"LKA","Sri Lanka",2,1989,1,721528,391559.637584447,98294.8992151138,1243.79305252037,136.213083254758
"LKA","Sri Lanka",2,1989,5,945866,487182.066283718,97619.9161834437,712.543384817503,87.8805621196345
"LKA","Sri Lanka",2,1989,10,901941,485596.593481088,97252.9103300435,496.262838010572,82.9366334337455
"LKA","Sri Lanka",2,1989,15,833673,483598.258734933,96985.7270623916,917.37222958516,102.932161417517
"LKA","Sri Lanka",2,1989,20,815167,480767.473425588,96453.5764315818,1017.60934564489,97.1620548336894
"LKA","Sri Lanka",2,1989,25,742737,477730.106368924,95853.4129386534,955.816516253774,72.1427848866756
"LKA","Sri Lanka",2,1989,30,673758,474513.144280718,95238.6296089161,954.170386700856,66.7772206244139
"LKA","Sri Lanka",2,1989,35,544189,470770.492264154,94566.6281033711,953.730540409254,50.9524116728116
"LKA","Sri Lanka",2,1989,40,469753,466228.624398821,93741.5688022904,999.184339823729,41.0722243495924
"LKA","Sri Lanka",2,1989,45,373674,460119.361470319,92749.8809572381,1179.21819388816,34.4813216346343
"LKA","Sri Lanka",2,1989,50,320090,451077.128007926,91297.8636308894,1536.22326332572,32.6737899132048
"LKA","Sri Lanka",2,1989,55,271874,438022.989486007,89132.9875722811,1897.29500275884,29.4271357768116
"LKA","Sri Lanka",2,1989,60,229104,418670.146199622,86076.2082221215,2563.36678603991,27.2389925346194
"LKA","Sri Lanka",2,1989,65,177603,388016.153923816,81391.8502577272,3468.25861476342,25.1785396941971
"LKA","Sri Lanka",2,1989,70,123752,338498.917363647,73814.6113117993,4471.04635154644,18.7775871340813
"LKA","Sri Lanka",2,1989,75,82211,273829.342373354,61584.9556336595,4094.55005492622,14.2948563317546
"LKA","Sri Lanka",2,1989,80,45413,196667.892498032,47946.7813156822,3977.7858451436,9.73585300977595
"LKA","Sri Lanka",2,1989,85,22701,132885.261768537,30720.3756835307,5063.05385739059,5.33373762795496
"LKA","Sri Lanka",2,1990,0,162162,98451.6459696733,1e+05,2833.7,14.7672504927281
"LKA","Sri Lanka",2,1990,1,709208,391956.412763328,98279.6066329703,876.0641,270.493487045381
"LKA","Sri Lanka",2,1990,5,942517,488158.779427718,97795.4342294065,632.0469,166.598282695058
"LKA","Sri Lanka",2,1990,10,914922,486727.893500566,97468.0775416808,460.532,154.794617532695
"LKA","Sri Lanka",2,1990,15,838615,484769.874655339,97223.0798585455,931.0621,198.559208324419
"LKA","Sri Lanka",2,1990,20,821796,481693.626592459,96684.8700035902,1181.084,184.774971716816
"LKA","Sri Lanka",2,1990,25,750172,478359.057209759,95992.5806333933,1006.073,130.415735567937
"LKA","Sri Lanka",2,1990,30,692087,475208.470121107,95351.0422505102,901.0609,123.350234771376
"LKA","Sri Lanka",2,1990,35,560620,471628.882903777,94732.3457979327,966.5686,93.2602593951547
"LKA","Sri Lanka",2,1990,40,485784,467220.264705989,93919.2073635782,988.0668,73.1616448576215
"LKA","Sri Lanka",2,1990,45,386960,461256.31634254,92968.8985188175,1204.086,62.270922182373
"LKA","Sri Lanka",2,1990,50,328417,452632.100272298,91533.6280181983,1461.603,59.0702531850389
"LKA","Sri Lanka",2,1990,55,278417,440322.535268466,89519.212090721,1839.627,52.5852128200745
"LKA","Sri Lanka",2,1990,60,235542,422595.200754162,86609.8020166655,2330.657,48.5102781452154
"LKA","Sri Lanka",2,1990,65,185051,394928.22663095,82428.2782849994,3226.22,45.8990184440887
"LKA","Sri Lanka",2,1990,70,128997,351658.610957932,75543.0123673805,3823.258,32.7569706827458
"LKA","Sri Lanka",2,1990,75,85380,295063.118658142,65120.4320157924,3534.733,24.6690421732394
"LKA","Sri Lanka",2,1990,80,47571,224076.963063591,52904.8154474644,3434.73,17.0481129206969
"LKA","Sri Lanka",2,1990,85,23510,163381.906887623,36725.9697779722,5077.68680509554,9.13511651695783
"LKA","Sri Lanka",2,1991,0,163133,98550.3305538476,1e+05,2666.30737399898,43.529319260268
"LKA","Sri Lanka",2,1991,1,688217,392140.459306047,98389.2561709417,1035.87922752174,317.236046577327
"LKA","Sri Lanka",2,1991,5,937378,488155.980284228,97799.0205968917,644.527724961366,200.275363366784
"LKA","Sri Lanka",2,1991,10,926707,486681.568342678,97463.3715167993,483.870378703516,187.612778087721
"LKA","Sri Lanka",2,1991,15,847906,484772.801731084,97209.2558202717,890.965086543214,240.379798262459
"LKA","Sri Lanka",2,1991,20,824003,482075.033747453,96699.8648721618,973.806694906904,223.256322516688
"LKA","Sri Lanka",2,1991,25,759559,479204.93096666,96130.1486268195,916.668066725798,157.736093171673
"LKA","Sri Lanka",2,1991,30,705945,476178.054232087,95551.8237598445,937.585943683367,150.398193405952
"LKA","Sri Lanka",2,1991,35,582194,472648.1093915,94919.3979329904,960.229294798549,115.842742314574
"LKA","Sri Lanka",2,1991,40,500221,468324.659637295,94139.8458236096,1014.51802358764,89.8813282066246
"LKA","Sri Lanka",2,1991,45,403201,462443.658983368,93190.0180313086,1222.89193763704,77.8569486577059
"LKA","Sri Lanka",2,1991,50,337050,453679.128390972,91787.4455620386,1562.55141428607,72.8207985564807
"LKA","Sri Lanka",2,1991,55,285483,441070.982574161,89684.2057943502,1902.9257227279,64.61225006997
"LKA","Sri Lanka",2,1991,60,241038,422255.946506833,86744.1872353143,2617.84181170288,59.7921963522846
"LKA","Sri Lanka",2,1991,65,190835,392348.395298346,82158.191367419,3588.12348761706,56.5430361797195
"LKA","Sri Lanka",2,1991,70,133850,343618.030581696,74781.1667519194,4719.21970858062,40.57198529031
"LKA","Sri Lanka",2,1991,75,87905,280527.880566547,62666.0454807591,4111.52045622692,30.5076846926562
"LKA","Sri Lanka",2,1991,80,49885,206582.821709762,49545.1067458596,3974.0074651088,21.5132090275153
"LKA","Sri Lanka",2,1991,85,26653,148108.90380806,33088.021938045,5715.6797375488,12.2227569885233
"LKA","Sri Lanka",2,1992,0,166317,98585.7450918127,1e+05,2650.98765147624,14.5559736743605
"LKA","Sri Lanka",2,1992,1,678108,392389.926658633,98428.6056575697,953.718963927816,218.27581042281
"LKA","Sri Lanka",2,1992,5,924613,488581.294098129,97876.7323360507,607.374458393905,139.111649433239
"LKA","Sri Lanka",2,1992,10,934876,487159.452439733,97555.785303201,475.51695333353,131.730081167203
"LKA","Sri Lanka",2,1992,15,861034,485295.451269742,97307.995672692,883.239386488237,170.167242416607
"LKA","Sri Lanka",2,1992,20,821128,482663.427012726,96810.1848352047,944.188191556617,155.771887071203
"LKA","Sri Lanka",2,1992,25,770241,479873.852828402,96255.1859698857,900.184246661938,111.311134943748
"LKA","Sri Lanka",2,1992,30,712711,476938.218309897,95694.355161475,916.666566548813,105.927259112202
"LKA","Sri Lanka",2,1992,35,606931,473510.611700021,95080.9321624837,971.093017501191,84.2256937924787
"LKA","Sri Lanka",2,1992,40,510794,469293.066467639,94323.3125175248,1011.58782169497,63.9200105945186
"LKA","Sri Lanka",2,1992,45,421685,463524.005353929,93393.9140695309,1253.82336845283,56.902836797195
"LKA","Sri Lanka",2,1992,50,345070,454893.943087405,92015.6880720409,1573.12666049817,52.1197074913791
"LKA","Sri Lanka",2,1992,55,292986,442496.92594228,89941.8891629212,1910.22104193226,46.2457544712041
"LKA","Sri Lanka",2,1992,60,246278,423943.591087082,87056.8812139909,2635.24986915351,42.8456144095563
"LKA","Sri Lanka",2,1992,65,196558,394367.102370503,82520.5552208421,3635.56446387614,40.2355199843438
"LKA","Sri Lanka",2,1992,70,139217,346003.696763912,75226.2857273592,4848.84119721903,29.3731579501702
"LKA","Sri Lanka",2,1992,75,90213,283537.86927229,63175.1929782055,4115.593627815,21.8269411380643
"LKA","Sri Lanka",2,1992,80,51882,210682.109007962,50239.9547307104,3991.10771586785,15.6567007548118
"LKA","Sri Lanka",2,1992,85,29399,152072.220130103,34032.8888724746,6317.2947252196,9.25757975780997
"LKA","Sri Lanka",2,1993,0,170442,98691.4446222074,1e+05,2511,12.6959196579882
"LKA","Sri Lanka",2,1993,1,675463,393221.553201391,98546.0495802305,689,86.8753938744228
"LKA","Sri Lanka",2,1993,5,905193,490096.680953646,98144.9474470925,464,55.8665023298317
"LKA","Sri Lanka",2,1993,10,939402,488954.63523781,97893.7249343659,395,54.1711457980524
"LKA","Sri Lanka",2,1993,15,876417,487325.779037205,97688.1291607579,802,70.0163300573818
"LKA","Sri Lanka",2,1993,20,816284,484858.117944603,97242.1824541242,911,62.7710123185726
"LKA","Sri Lanka",2,1993,25,780768,482212.967075278,96701.0647237172,837,46.0596421589504
"LKA","Sri Lanka",2,1993,30,714887,479517.046863082,96184.1221063942,837,43.6014398666671
"LKA","Sri Lanka",2,1993,35,632137,476500.366442308,95622.6966388386,856,36.1720977437979
"LKA","Sri Lanka",2,1993,40,519732,472647.835348903,94977.4499380845,985,27.1581119209695
"LKA","Sri Lanka",2,1993,45,440959,467274.424174354,94081.6842014767,1183,24.9959863907045
"LKA","Sri Lanka",2,1993,50,353362,459411.258800601,92828.085468265,1455,22.385057344885
"LKA","Sri Lanka",2,1993,55,300760,447887.677673807,90936.4180519756,1825,20.0114515030579
"LKA","Sri Lanka",2,1993,60,251513,430836.795975199,88218.6530175471,2395,18.4253785974899
"LKA","Sri Lanka",2,1993,65,202367,403268.250647185,84116.0653725324,3475,17.4112623816664
"LKA","Sri Lanka",2,1993,70,144904,360017.725176719,77191.2348863416,4176,12.9999512602635
"LKA","Sri Lanka",2,1993,75,92640,303259.067379247,66815.8551843459,3766,9.64084454212579
"LKA","Sri Lanka",2,1993,80,53683,232395.329301543,54487.7717673528,3700,6.9177667252144
"LKA","Sri Lanka",2,1993,85,31562,214417.396958815,38470.3599532644,5179.83588378798,4.1500945408093
"LKA","Sri Lanka",2,1994,0,173693,98641.4531147422,1e+05,2658,53.1651421433414
"LKA","Sri Lanka",2,1994,1,674039,393055.123695442,98490.5034608246,648,34.457482002028
"LKA","Sri Lanka",2,1994,5,882846,489897.274634243,98112.6325658844,480,21.2764566138045
"LKA","Sri Lanka",2,1994,10,939567,488680.067723329,97846.2772878127,424,20.7295026398581
"LKA","Sri Lanka",2,1994,15,891265,486986.773997183,97625.7498015188,836.000000000001,27.8742046080064
"LKA","Sri Lanka",2,1994,20,814222,484504.444315906,97168.9597973544,901,24.8893922974948
"LKA","Sri Lanka",2,1994,25,788589,481806.20323439,96632.8179290081,889,18.1681150265583
"LKA","Sri Lanka",2,1994,30,716711,479046.35740821,96089.6633647479,839,17.1530108577389
"LKA","Sri Lanka",2,1994,35,653676,476103.940893155,95528.879598536,846,14.5658575550116
"LKA","Sri Lanka",2,1994,40,530663,472305.037224045,94912.6967587261,1015,10.6757515933698
"LKA","Sri Lanka",2,1994,45,458763,466793.122070852,94009.3181308918,1279,9.9296959557907
"LKA","Sri Lanka",2,1994,50,363345,458563.973444026,92707.9306974488,1577,8.71795464147191
"LKA","Sri Lanka",2,1994,55,308586,446908.261397745,90717.6586801616,1845,7.73322281759697
"LKA","Sri Lanka",2,1994,60,257164,429334.755655542,88045.6458789365,2610,7.08400492747732
"LKA","Sri Lanka",2,1994,65,208326,401375.788199915,83688.2563832802,3543,6.74431535588699
"LKA","Sri Lanka",2,1994,70,150708,357163.075800327,76862.0588966856,4582,4.97232568537419
"LKA","Sri Lanka",2,1994,75,95598,300428.098508686,66003.1714234453,3766,3.61565552946648
"LKA","Sri Lanka",2,1994,80,55360,227963.377047733,54168.067980029,4165,2.60771979212401
"LKA","Sri Lanka",2,1994,85,33041,204844.24655876,37017.2828390643,5473.153415284,1.6035954533624
"LKA","Sri Lanka",2,1995,0,174810,98693.4939189954,1e+05,2571.26403227822,38.5561547046611
"LKA","Sri Lanka",2,1995,1,668818,393110.78585025,98548.3265766616,767.393052911212,235.645115438553
"LKA","Sri Lanka",2,1995,5,862934,489785.024991663,98097.2763864964,494.277872524808,143.808392099881
"LKA","Sri Lanka",2,1995,10,933951,488509.423756523,97816.7336101689,439.144881833698,140.923492865892
"LKA","Sri Lanka",2,1995,15,903492,486778.40945179,97587.0358924404,858.81578143435,191.183144121291
"LKA","Sri Lanka",2,1995,20,817688,484339.17719375,97124.3278882758,866.049280931509,169.394649710841
"LKA","Sri Lanka",2,1995,25,792349,481778.366594725,96611.3429892243,840.965977812384,123.142149079103
"LKA","Sri Lanka",2,1995,30,720803,479100.970305692,96100.0036486658,841.94189792546,116.333916075692
"LKA","Sri Lanka",2,1995,35,669084,475963.829333533,95540.3844736109,977.326568313378,100.57915175129
"LKA","Sri Lanka",2,1995,40,545558,472049.721769194,94845.1472598024,1005.94668748787,74.4070648221578
"LKA","Sri Lanka",2,1995,45,473753,466605.722022343,93974.7414478753,1327.21715783099,69.8342121301145
"LKA","Sri Lanka",2,1995,50,375789,458359.273416914,92667.5473610618,1632.65096771365,61.7427584441377
"LKA","Sri Lanka",2,1995,55,316379,446540.917427169,90676.1620057038,1938.45472776898,54.3982660635798
"LKA","Sri Lanka",2,1995,60,263470,428732.917808772,87940.2049651638,2696.10009938192,49.9684718151196
"LKA","Sri Lanka",2,1995,65,214398,399922.073462313,83552.9621583451,3826.19260280657,47.894285122366
"LKA","Sri Lanka",2,1995,70,156611,352492.203698855,76415.86722658,5258.18199552217,35.516916700007
"LKA","Sri Lanka",2,1995,75,99302,291251.259702803,64581.0142529622,4316.94173469047,25.8049715273558
"LKA","Sri Lanka",2,1995,80,56981,218888.770326921,51919.489628159,4238.90392741098,18.3726787093381
"LKA","Sri Lanka",2,1995,85,33812,163176.18075546,35636.0185026094,7062.36703053953,11.3281702810027
"LKA","Sri Lanka",2,1996,0,173299,98718.8126786903,1e+05,2499,65.8662931681469
"LKA","Sri Lanka",2,1996,1,671217,393585.295745124,98576.4585318781,512,192.955863394847
"LKA","Sri Lanka",2,1996,5,846621,490875.290958685,98276.234205883,349,115.279776328717
"LKA","Sri Lanka",2,1996,10,921720,489883.099387782,98073.882177591,366,112.716609300057
"LKA","Sri Lanka",2,1996,15,908657,488539.236487907,97879.3575775216,638,154.536608762803
"LKA","Sri Lanka",2,1996,20,817865,486643.38084536,97536.3370176412,698,136.435485685744
"LKA","Sri Lanka",2,1996,25,787990,484469.203237394,97121.0153205028,739,99.1610027134635
"LKA","Sri Lanka",2,1996,30,728166,482153.052550658,96666.6659744548,713,94.5983672479104
"LKA","Sri Lanka",2,1996,35,681521,479384.839896066,96194.5550458085,903,82.3124868610517
"LKA","Sri Lanka",2,1996,40,567260,475879.995579732,95559.380912618,914,62.0383723043877
"LKA","Sri Lanka",2,1996,45,491757,470718.121235457,94792.6173192748,1356,57.9768655656854
"LKA","Sri Lanka",2,1996,50,394428,462446.285447351,93494.6311749082,1715,52.0901640433118
"LKA","Sri Lanka",2,1996,55,323318,450827.493215083,91483.8830040323,1891,44.7551716997802
"LKA","Sri Lanka",2,1996,60,266650,433295.529583927,88847.114282001,2693,40.645111255629
"LKA","Sri Lanka",2,1996,65,216121,405245.333411976,84471.0975515697,3650,39.0917229059428
"LKA","Sri Lanka",2,1996,70,159717,361137.538200603,77627.0358132207,4776,28.9647124003468
"LKA","Sri Lanka",2,1996,75,101842,302230.352498581,66827.9794670204,4301,21.0820746119412
"LKA","Sri Lanka",2,1996,80,57960,227522.875470582,54064.1615324119,4361,14.9249750848895
"LKA","Sri Lanka",2,1996,85,36378,213867.830558307,36944.988655821,5680.13063660477,9.85630967323539
"LKA","Sri Lanka",2,1997,0,169664,98657.1179031176,1e+05,2566,55.995679258515
"LKA","Sri Lanka",2,1997,1,666059,392928.700552275,98507.9087812417,779,133.697488176601
"LKA","Sri Lanka",2,1997,5,834158,489623.9798187,98048.3527092868,421,79.7041260026838
"LKA","Sri Lanka",2,1997,10,904743,488406.985316524,97801.2392181932,444,77.9016829801324
"LKA","Sri Lanka",2,1997,15,913798,486565.799043919,97561.5549084162,933,109.112503563146
"LKA","Sri Lanka",2,1997,20,823965,483931.872990832,97064.7647091512,948,96.7350712740526
"LKA","Sri Lanka",2,1997,25,778031,481313.488026466,96507.9844871815,793,69.7281793710008
"LKA","Sri Lanka",2,1997,30,736208,478693.966577231,96017.4107234047,857,67.6002991371958
"LKA","Sri Lanka",2,1997,35,688261,475583.761109462,95460.1759074876,994,59.1729744253713
"LKA","Sri Lanka",2,1997,40,592137,471779.184099536,94773.3285362973,1048,46.5518770091837
"LKA","Sri Lanka",2,1997,45,505947,466176.606829158,93938.3451035169,1526,42.9409122226805
"LKA","Sri Lanka",2,1997,50,417327,457576.717617968,92532.2976281464,1855,39.7667681851843
"LKA","Sri Lanka",2,1997,55,332001,445580.107807941,90498.389419041,2060,33.0637261743548
"LKA","Sri Lanka",2,1997,60,271264,427299.153415911,87733.6537041354,2887,29.6687138168907
"LKA","Sri Lanka",2,1997,65,217813,397755.452141195,83186.0076622289,3981,28.3634144096293
"LKA","Sri Lanka",2,1997,70,162703,351816.624052907,75916.173194249,5136,21.154607418287
"LKA","Sri Lanka",2,1997,75,104682,292789.555164755,64810.4764269139,4471,15.7611164395517
"LKA","Sri Lanka",2,1997,80,58556,217818.665493457,52305.3456389883,4700,10.815952096215
"LKA","Sri Lanka",2,1997,85,38083,195182.30471613,34822.1205583946,6204.33122141017,7.33770276602871
"LKA","Sri Lanka",2,1998,0,165278,98891.7622308835,1e+05,2058,56.4781174575471
"LKA","Sri Lanka",2,1998,1,655449,394230.041069364,98768.6247009816,585,172.236277480749
"LKA","Sri Lanka",2,1998,5,825783,491460.422425509,98416.7673115805,419,103.639362962601
"LKA","Sri Lanka",2,1998,10,884487,490281.31101967,98167.4016586229,401,99.4809111467203
"LKA","Sri Lanka",2,1998,15,917852,488622.309796293,97945.1227492451,829,141.047770452526
"LKA","Sri Lanka",2,1998,20,835055,486333.827219336,97503.8011692723,814,126.428874995323
"LKA","Sri Lanka",2,1998,25,765753,483957.325074458,97029.7297184619,754,88.1927349363696
"LKA","Sri Lanka",2,1998,30,742869,481484.301544485,96553.2003113213,791,87.075392177345
"LKA","Sri Lanka",2,1998,35,691700,478605.979733557,96040.5203064729,923,76.0490228179344
"LKA","Sri Lanka",2,1998,40,617823,475077.361439609,95401.8715869499,1005,61.5164381233046
"LKA","Sri Lanka",2,1998,45,517953,469920.041895968,94629.0729888938,1422,55.4587936386518
"LKA","Sri Lanka",2,1998,50,442658,461634.198204472,93338.9437694935,1941,53.5928491961613
"LKA","Sri Lanka",2,1998,55,343476,450135.697573558,91314.7355122952,1965,43.5123406592841
"LKA","Sri Lanka",2,1998,60,277420,432033.346715132,88739.543517128,2996,38.7507180383801
"LKA","Sri Lanka",2,1998,65,219945,402175.14253092,84073.7951689248,3980,36.5968950204518
"LKA","Sri Lanka",2,1998,70,165575,355719.270819899,76796.2618434431,5262,27.4259824157813
"LKA","Sri Lanka",2,1998,75,107717,295065.422235392,65491.4464845163,4730,20.4227954469865
"LKA","Sri Lanka",2,1998,80,59099,216769.734946194,52534.7224096405,5006,13.9282740863794
"LKA","Sri Lanka",2,1998,85,38707,182255.580444665,34173.171568837,6721.02920708835,9.72912466219293
"LKA","Sri Lanka",2,1999,0,162081,98859.8374019444,1e+05,2077,55.0243855690691
"LKA","Sri Lanka",2,1999,1,645782,394242.514422543,98733.1526688271,471,79.2530124123845
"LKA","Sri Lanka",2,1999,5,819509,491611.680323228,98445.6125635082,411,49.0662879840577
"LKA","Sri Lanka",2,1999,10,864375,490503.021477641,98199.0595657829,347,46.4105651135287
"LKA","Sri Lanka",2,1999,15,918973,488961.230041315,98002.1490252736,789,66.6081909590202
"LKA","Sri Lanka",2,1999,20,848116,486713.747993092,97582.3429912524,835,60.5453496326223
"LKA","Sri Lanka",2,1999,25,756223,484327.734715677,97103.1562059845,742,41.3850901526079
"LKA","Sri Lanka",2,1999,30,745258,481932.042071478,96627.9376802864,747,41.1189902631443
"LKA","Sri Lanka",2,1999,35,694917,479155.74894077,96144.879148305,910,36.1138307690964
"LKA","Sri Lanka",2,1999,40,640281,475607.511898839,95517.420428003,1066,30.04914573034
"LKA","Sri Lanka",2,1999,45,531151,470384.431612869,94725.5843315326,1465,26.8546186500711
"LKA","Sri Lanka",2,1999,50,467307,462423.265779772,93428.1883136152,1907,26.6347944189435
"LKA","Sri Lanka",2,1999,55,358849,450904.620067858,91541.1179982935,2165,21.4071656596558
"LKA","Sri Lanka",2,1999,60,285210,433124.066672279,88820.7300288498,2892,18.8245086077968
"LKA","Sri Lanka",2,1999,65,223039,402966.280861931,84428.8966400618,4246,17.6493613404754
"LKA","Sri Lanka",2,1999,70,168330,355347.408632278,76757.6157047107,5389,13.1988634700392
"LKA","Sri Lanka",2,1999,75,110734,293628.457932467,65381.3477482006,5020,9.90143477333964
"LKA","Sri Lanka",2,1999,80,59890,216260.36210752,52070.0354247861,4884,6.65597520264149
"LKA","Sri Lanka",2,1999,85,38103,181135.404785702,34434.1094182219,6731.71693650126,4.54641573718801
"LKA","Sri Lanka",2,2000,0,161410,98802.4829363176,1e+05,2173.7108837365,35.9422110942475
"LKA","Sri Lanka",2,2000,1,642749,394115.098126656,98669.4254847973,382.304813599001,108.30365764451
"LKA","Sri Lanka",2,2000,5,811839,491622.045306536,98435.007229575,365.272091378085,67.6100290501049
"LKA","Sri Lanka",2,2000,10,847559,490591.867190223,98213.8108930395,329.760354085161,64.6148970131647
"LKA","Sri Lanka",2,2000,15,915875,488767.524593558,98022.9359830498,1009.74456621698,92.7445662169799
"LKA","Sri Lanka",2,2000,20,860782,486060.92523922,97484.0738543732,962.994466369219,84.9944663692194
"LKA","Sri Lanka",2,2000,25,753097,483437.651452978,96940.2962413148,787.515323295866,57.5153232958659
"LKA","Sri Lanka",2,2000,30,742221,480802.242759438,96434.7643398766,846.930069662338,56.9300696623376
"LKA","Sri Lanka",2,2000,35,699220,477784.358112163,95886.1327638985,963.723367777936,50.7233677779367
"LKA","Sri Lanka",2,2000,40,657172,474195.79210285,95227.6104809668,1076.68529196796,42.6852919679562
"LKA","Sri Lanka",2,2000,45,547811,469173.422408955,94450.7063601731,1438.54508844794,38.5450884479434
"LKA","Sri Lanka",2,2000,50,489029,461449.522449273,93218.662603409,1968.5344958325,38.5344958325023
"LKA","Sri Lanka",2,2000,55,378467,450232.088612751,91361.1463763001,2210.33294597858,31.3329459785771
"LKA","Sri Lanka",2,2000,60,294965,433452.682891947,88731.6890688004,2778.01277093114,27.0127709311435
"LKA","Sri Lanka",2,2000,65,227485,404900.304614299,84649.3840879783,4123.06916396181,25.0691639618085
"LKA","Sri Lanka",2,2000,70,171080,358195.812061403,77310.7377577413,5417.66864619327,18.6686461932703
"LKA","Sri Lanka",2,2000,75,113629,296174.372979481,65967.5870668201,5166.08765074761,14.0876507476099
"LKA","Sri Lanka",2,2000,80,61053,215993.288955053,52502.1621249724,5259.48609652935,9.4860965293484
"LKA","Sri Lanka",2,2000,85,36224,174111.912028029,33895.1534570487,6591.78305782481,7.78637558311434
"LKA","Sri Lanka",2,2001,0,163458,98850.2101780906,1e+05,2112.53802170937,16.1686983192043
"LKA","Sri Lanka",2,2001,1,641995,394348.355292318,98722.455753434,367.293245877035,48.0504039570431
"LKA","Sri Lanka",2,2001,5,806504,491959.287167655,98496.8442028432,344.224620231508,29.9467234395737
"LKA","Sri Lanka",2,2001,10,833629,490991.188147548,98286.8706642189,300.971055592571,28.2526212482595
"LKA","Sri Lanka",2,2001,15,904365,489633.036682714,98109.6045948002,676.001425824013,41.001425824013
"LKA","Sri Lanka",2,2001,20,874140,487721.530140365,97743.6100782852,714.422602596027,38.4226025960275
"LKA","Sri Lanka",2,2001,25,763717,485731.429751069,97345.0019778608,624.883625769348,25.8836257693479
"LKA","Sri Lanka",2,2001,30,739518,483635.10717082,96947.5699225668,674.473687407783,25.4736874077829
"LKA","Sri Lanka",2,2001,35,703413,481185.279980588,96506.4729457611,787.685711446786,22.6857114467862
"LKA","Sri Lanka",2,2001,40,667308,478100.23178245,95967.6390464741,970.304414633489,19.3044146334889
"LKA","Sri Lanka",2,2001,45,564267,473486.968321148,95272.4536665059,1370.62856642075,17.6285664207473
"LKA","Sri Lanka",2,2001,50,501987,466086.319501939,94122.3336619532,1949.56700245754,17.5670024575451
"LKA","Sri Lanka",2,2001,55,397527,455359.228875597,92312.1941388224,2165.63948948748,14.6394894874808
"LKA","Sri Lanka",2,2001,60,304640,438979.102750601,89831.4974114163,2825.41285058656,12.4128505865589
"LKA","Sri Lanka",2,2001,65,233252,411048.603231834,85760.143688824,4029.41778168331,11.4177816833128
"LKA","Sri Lanka",2,2001,70,175670,365603.265146675,78659.2976039097,5322.56566157952,8.56566157951643
"LKA","Sri Lanka",2,2001,75,118608,303916.939109089,67582.0084547604,5306.52090927137,6.52090927137084
"LKA","Sri Lanka",2,2001,80,64626,223356.895908262,53984.7671888751,5389.46434500941,4.46434500940823
"LKA","Sri Lanka",2,2001,85,38805,189343.101852092,35357.9911744296,6703.49268894329,3.6873785237197
"LKA","Sri Lanka",2,2002,0,167895,98901.8831730036,1e+05,2071.28203734851,0.157946861910435
"LKA","Sri Lanka",2,2002,1,646479,394596.748877111,98779.8701922262,356.836010049469,0.492722489461288
"LKA","Sri Lanka",2,2002,5,802032,492311.704626438,98562.0652373123,324.924590133536,0.356929487349122
"LKA","Sri Lanka",2,2002,10,823915,491393.079235834,98362.6166132627,281.686878071134,0.352431137824246
"LKA","Sri Lanka",2,2002,15,887473,490090.159096745,98194.6150810711,639.526724303216,0.52672430321545
"LKA","Sri Lanka",2,2002,20,884953,488177.668294594,97841.4485576271,746.552000189283,0.552000189283056
"LKA","Sri Lanka",2,2002,25,780584,486163.445413853,97429.6187602107,632.38055754694,0.380557546940009
"LKA","Sri Lanka",2,2002,30,734011,484223.320869398,97035.7594053305,579.344264876556,0.344264876555719
"LKA","Sri Lanka",2,2002,35,709176,481987.797857117,96653.5689424285,753.362232401239,0.362232401238366
"LKA","Sri Lanka",2,2002,40,672779,479044.567250197,96141.5502004184,934.322339016475,0.322339016475669
"LKA","Sri Lanka",2,2002,45,584928,474803.580352033,95476.2766996605,1270.27621621843,0.276216218427974
"LKA","Sri Lanka",2,2002,50,510613,467641.428596525,94445.1554411526,2002.24176325356,0.241763253556492
"LKA","Sri Lanka",2,2002,55,419836,457324.10131971,92611.4159974574,2105.21232092113,0.212320921134625
"LKA","Sri Lanka",2,2002,60,315832,442171.854765971,90318.2245304264,2691.17645816365,0.176458163652629
"LKA","Sri Lanka",2,2002,65,239896,415929.801660905,86550.5173759622,3881.15385505829,0.153855058286169
"LKA","Sri Lanka",2,2002,70,180080,371100.728245025,79821.4032883999,5436.12231898524,0.122318985237334
"LKA","Sri Lanka",2,2002,75,123711,308808.438983343,68618.8880096101,5494.09270249236,0.0927024923619007
"LKA","Sri Lanka",2,2002,80,68625,228962.882858903,54904.4875837269,5462.0634173283,0.0634173283021675
"LKA","Sri Lanka",2,2002,85,40837,193165.21547201,36680.6655598342,7204.81277737356,0.04997493196183
"LKA","Sri Lanka",2,2003,0,173480,98954.9285555315,1e+05,2035.70787038383,2.21767008046831
"LKA","Sri Lanka",2,2003,1,655692,394851.720776147,98838.8095061461,348.392631008643,8.69779175515688
"LKA","Sri Lanka",2,2003,5,798263,492670.288629717,98629.0106526303,307.700341852421,7.59186657775489
"LKA","Sri Lanka",2,2003,10,817346,491781.662820301,98439.1047992563,275.136551292673,8.13234347127265
"LKA","Sri Lanka",2,2003,15,868092,490344.374947737,98273.5603288639,724.738427342741,7.73842734274137
"LKA","Sri Lanka",2,2003,20,891786,488177.453593512,97864.1896502308,835.558888886375,7.55888888637524
"LKA","Sri Lanka",2,2003,25,800905,486175.315597804,97406.791787174,565.797333275289,6.79733327528885
"LKA","Sri Lanka",2,2003,30,728543,484358.746287318,97063.3344519476,576.341620399482,6.34162039948221
"LKA","Sri Lanka",2,2003,35,714996,482124.332809822,96680.1640629796,757.218334001046,6.21833400104615
"LKA","Sri Lanka",2,2003,40,675136,479099.649023119,96169.5690609494,985.406895788379,6.40689578837851
"LKA","Sri Lanka",2,2003,45,607164,474837.013296737,95470.2905482983,1286.06411739936,6.06411739935973
"LKA","Sri Lanka",2,2003,50,517029,468045.463410938,94464.5147703964,1889.89344591191,5.89344591191361
"LKA","Sri Lanka",2,2003,55,443272,458025.881035574,92753.6705939786,2222.99841529862,5.99841529861944
"LKA","Sri Lanka",2,2003,60,329188,442845.355014136,90456.6818202509,2806.30167046117,5.30167046116673
"LKA","Sri Lanka",2,2003,65,247523,416078.443698236,86681.4601854035,4123.54044560945,4.54044560944809
"LKA","Sri Lanka",2,2003,70,184486,369752.672010138,79749.9172938908,5787.13844782663,4.13844782663588
"LKA","Sri Lanka",2,2003,75,128854,306201.189201105,68151.1515101646,5816.42986005554,3.42986005554049
"LKA","Sri Lanka",2,2003,80,72998,226110.202384863,54329.3241702774,5880.43783988376,2.43783988376031
"LKA","Sri Lanka",2,2003,85,42346,185296.072901638,36114.7567836679,7716.98996443057,1.79536242640516
"LKA","Sri Lanka",2,2004,0,178440,98766.3930441694,1e+05,2476.38018936229,237.683944608033
"LKA","Sri Lanka",2,2004,1,666171,391195.991521039,98629.3256046326,2356.6203065399,1022.15470501208
"LKA","Sri Lanka",2,2004,5,795898,483039.314822735,97245.446064011,2101.07582602603,947.081105326696
"LKA","Sri Lanka",2,2004,10,812008,477468.131678186,95970.2798650832,1621.24528721076,1041.07470765978
"LKA","Sri Lanka",2,2004,15,850263,473073.485583479,95016.9728061914,1446.03384041141,894.033840411407
"LKA","Sri Lanka",2,2004,20,893401,469039.131659619,94212.4214272003,1541.30279678891,882.302796788912
"LKA","Sri Lanka",2,2004,25,820549,465017.775896889,93403.2312366471,1410.50001146174,863.500011461745
"LKA","Sri Lanka",2,2004,30,727407,460757.095138934,92603.8791221086,1428.6166976164,792.616697616398
"LKA","Sri Lanka",2,2004,35,718704,456049.048971343,91698.958933465,1541.73523102387,778.735231023866
"LKA","Sri Lanka",2,2004,40,677108,450510.037126905,90720.6606550721,1859.64802791572,829.648027915716
"LKA","Sri Lanka",2,2004,45,626819,443766.194992419,89483.35419569,2062.57296279856,808.572962798562
"LKA","Sri Lanka",2,2004,50,525168,434557.13467041,88023.1238012774,2687.00050590155,782.000505901545
"LKA","Sri Lanka",2,2004,55,464733,421735.866637941,85799.7300668866,3201.29780047314,830.297800473145
"LKA","Sri Lanka",2,2004,60,345406,403723.17209739,82894.6165882899,3678.84130674336,740.841306743363
"LKA","Sri Lanka",2,2004,65,256385,375691.682284643,78594.652250666,4717.4189185588,624.418918558798
"LKA","Sri Lanka",2,2004,70,189268,329788.331141472,71682.0206631911,6570.5000018285,581.500001828504
"LKA","Sri Lanka",2,2004,75,133893,269693.098999796,60233.3117933977,6250.17991341415,490.179913414155
"LKA","Sri Lanka",2,2004,80,77562,196011.819981596,47643.9278065206,6680.6641794185,357.6641794185
"LKA","Sri Lanka",2,2004,85,43483,157006.885385969,30760.8001861178,7975.20179594917,252.201795949169
"LKA","Sri Lanka",2,2005,0,181492,99043.9244540138,1e+05,1946.61177910795,2.80719788703001
"LKA","Sri Lanka",2,2005,1,675670,395288.258022499,98937.6938377931,329.410538936347,8.24213575308305
"LKA","Sri Lanka",2,2005,5,796109,493282.964151857,98744.978284179,285.29043311421,4.86327956485236
"LKA","Sri Lanka",2,2005,10,806445,492404.20599233,98568.2073765637,286.171469043306,4.62545977148256
"LKA","Sri Lanka",2,2005,15,836122,490146.584057475,98393.4750203684,1242.40665883707,6.40665883707092
"LKA","Sri Lanka",2,2005,20,889505,486581.565489613,97665.1586026216,1275.42777065598,6.42777065597733
"LKA","Sri Lanka",2,2005,25,836681,483000.560539837,96967.4675932234,1272.70806649148,4.70806649148136
"LKA","Sri Lanka",2,2005,30,732796,479206.374534573,96232.7566227114,1197.29724249911,4.29724249911039
"LKA","Sri Lanka",2,2005,35,719282,474938.176932994,95449.7931911176,1399.8528907347,3.85289073470266
"LKA","Sri Lanka",2,2005,40,680223,469946.123461011,94525.4775820798,1552.3973123763,3.39731237629589
"LKA","Sri Lanka",2,2005,45,641290,463659.958974428,93452.9718023244,1994.38083889405,3.38083889405295
"LKA","Sri Lanka",2,2005,50,537389,454796.963290573,92011.0117874466,2485.190526356,3.19052635599984
"LKA","Sri Lanka",2,2005,55,482218,442991.09210793,89907.7735287826,2851.03269990043,3.03269990042882
"LKA","Sri Lanka",2,2005,60,364498,426455.927862906,87288.6633143893,3414.54576833858,2.54576833857914
"LKA","Sri Lanka",2,2005,65,266825,399744.520550689,83293.707830773,4465.23820528681,2.2382052868114
"LKA","Sri Lanka",2,2005,70,194752,354603.870200293,76604.1003895025,6242.67959953002,1.67959953001834
"LKA","Sri Lanka",2,2005,75,138691,292825.998687437,65237.4476906149,6320.34549538033,1.34549538032463
"LKA","Sri Lanka",2,2005,80,82154,216639.82497919,51892.95178436,6496.01636902943,1.01636902942795
"LKA","Sri Lanka",2,2005,85,44369,173933.125498708,34762.9782073158,8338.72253539387,0.722535393871509
"LKA","Sri Lanka",2,2006,0,182155,99083.4134961321,1e+05,1872.28123951212,38.0649352941208
"LKA","Sri Lanka",2,2006,1,693468,395496.50636,98981.5705512578,313.989073343172,112.803014120539
"LKA","Sri Lanka",2,2006,5,802538,493581.244114885,98802.497282495,280.471217372629,65.3429145388648
"LKA","Sri Lanka",2,2006,10,803893,492716.135972909,98630.0003634591,283.150227709159,61.3005690180866
"LKA","Sri Lanka",2,2006,15,823445,491509.940098848,98456.4540257043,517.56536289506,84.56536289506
"LKA","Sri Lanka",2,2006,20,875270,489906.34039902,98147.5220138349,594.060818730143,85.0608187301426
"LKA","Sri Lanka",2,2006,25,850508,488236.165540092,97815.0141457731,584.549547659074,63.5495476590741
"LKA","Sri Lanka",2,2006,30,743688,486432.963392339,97479.4520702638,589.71009845096,57.7100984509599
"LKA","Sri Lanka",2,2006,35,714508,484191.523138365,97093.7332866719,753.857973807512,50.8579738075115
"LKA","Sri Lanka",2,2006,40,683393,481195.851692111,96582.8759686742,976.259545666823,44.2595456668237
"LKA","Sri Lanka",2,2006,45,651109,476807.839759877,95895.4647081701,1458.13451055775,45.1345105577451
"LKA","Sri Lanka",2,2006,50,554574,470039.895559887,94827.6711957807,1934.21844391164,43.2184439116395
"LKA","Sri Lanka",2,2006,55,498042,459922.689875847,93188.2870281741,2607.03635221136,41.0363522113635
"LKA","Sri Lanka",2,2006,60,383580,444951.235103597,90780.7889221647,3087.15206688426,35.1520668842634
"LKA","Sri Lanka",2,2006,65,271463,419643.238535362,87199.7051192741,4232.02843152051,30.0284315205096
"LKA","Sri Lanka",2,2006,70,197984,373900.875354803,80657.5902948708,6224.29233195255,22.2923319525511
"LKA","Sri Lanka",2,2006,75,143199,310800.272084302,68902.7598470505,6213.30649695125,18.3064969512458
"LKA","Sri Lanka",2,2006,80,85999,230759.684061085,55417.3489866701,6906.02593631451,14.0259363145085
"LKA","Sri Lanka",2,2006,85,48862,191647.787374399,36886.5246377638,8766.95940225063,10.6297332707132
"LKA","Sri Lanka",2,2007,0,181027,99118.7235275989,1e+05,1788.36977057603,36.0652769935079
"LKA","Sri Lanka",2,2007,1,703368,395675.705890394,99020.8039195543,301.83529526663,108.450285922765
"LKA","Sri Lanka",2,2007,5,813591,493826.589921306,98851.0081746281,282.353235300314,63.2852835951308
"LKA","Sri Lanka",2,2007,10,801848,492962.731506617,98679.6277938943,283.291681874715,58.2862723955753
"LKA","Sri Lanka",2,2007,15,816835,491734.223906604,98505.4648087524,526.977313385668,79.9773133856676
"LKA","Sri Lanka",2,2007,20,856975,490071.69742446,98188.2247538893,608.136846841203,80.1368468412028
"LKA","Sri Lanka",2,2007,25,858618,488252.186222516,97840.4542158948,668.310338575645,61.3103385756453
"LKA","Sri Lanka",2,2007,30,762190,486345.867115729,97460.4202731116,599.435284358063,56.4352843580627
"LKA","Sri Lanka",2,2007,35,707870,484135.579551424,97077.9265731799,733.436464670153,48.4364646701524
"LKA","Sri Lanka",2,2007,40,686613,481371.875822281,96576.3052473896,861.326265391143,42.3262653911428
"LKA","Sri Lanka",2,2007,45,656461,477404.876090611,95972.4450815227,1351.60244126432,43.6024412643218
"LKA","Sri Lanka",2,2007,50,575145,470972.365457039,94989.5053547216,1941.76501476853,42.7650147685336
"LKA","Sri Lanka",2,2007,55,509184,461068.286280072,93399.440828094,2619.05683098321,40.0568309832058
"LKA","Sri Lanka",2,2007,60,408256,446207.439397307,91027.8736839348,3268.89539975476,35.8953997547601
"LKA","Sri Lanka",2,2007,65,279167,421262.661136066,87455.1020749879,4244.62882270465,29.6288227046525
"LKA","Sri Lanka",2,2007,70,199411,377103.329961161,81049.9623794386,5953.50681196504,21.5068119650401
"LKA","Sri Lanka",2,2007,75,147174,315284.802839261,69791.3696050256,6287.20386591077,18.2038659107706
"LKA","Sri Lanka",2,2007,80,90534,234184.614848619,56322.5515306788,7334.14444576233,14.1444457623282
"LKA","Sri Lanka",2,2007,85,52722,198418.223839284,37351.2944087689,9200.3994783372,11.3994783372055
"LKA","Sri Lanka",2,2008,0,178650,99145.1633902218,1e+05,1711.48103688243,104.710989125992
"LKA","Sri Lanka",2,2008,1,707428,395811.211217296,99050.1815446909,290.072832653446,239.562126074236
"LKA","Sri Lanka",2,2008,5,828815,493688.059614808,98887.8836440794,504.559322886849,188.760412782886
"LKA","Sri Lanka",2,2008,10,799806,491920.688304765,98587.3402018437,660.767539497569,169.195291192535
"LKA","Sri Lanka",2,2008,15,815008,489786.581737992,98180.9351200625,744.206131011972,234.655080661364
"LKA","Sri Lanka",2,2008,20,838353,487427.469071656,97733.6975751343,853.798280498669,232.00608149001
"LKA","Sri Lanka",2,2008,25,858952,485085.093011422,97237.290053528,780.080057352685,179.711661358616
"LKA","Sri Lanka",2,2008,30,785287,482792.784080221,96796.7471510407,774.857370558174,170.732996014667
"LKA","Sri Lanka",2,2008,35,702526,480178.739038673,96320.3664810476,832.823287795886,141.474715379973
"LKA","Sri Lanka",2,2008,40,688323,476929.06730171,95751.1291344215,1054.47622285665,123.301803718305
"LKA","Sri Lanka",2,2008,45,658885,472316.799200553,95020.4977862625,1554.42210089325,128.506720628515
"LKA","Sri Lanka",2,2008,50,596482,465219.579148075,93906.2218939588,2211.21409728189,129.572143118826
"LKA","Sri Lanka",2,2008,55,517039,454843.448969042,92181.6097652714,2757.55067176059,118.634636461574
"LKA","Sri Lanka",2,2008,60,436206,439238.079738805,89755.7698223454,3789.96360931145,112.336901171117
"LKA","Sri Lanka",2,2008,65,291579,414006.704523201,85939.4620731766,4420.26770196612,90.6194373921301
"LKA","Sri Lanka",2,2008,70,199117,371441.335702336,79663.2197361039,5762.65661958033,62.9132300252114
"LKA","Sri Lanka",2,2008,75,150348,309089.383955977,68913.3145448303,6902.75972425784,54.2569232908726
"LKA","Sri Lanka",2,2008,80,95926,230541.337477212,54722.4390375606,7168.54537578019,44.2105487229588
"LKA","Sri Lanka",2,2008,85,55736,196352.377831739,37494.0959533243,9902.16649756262,35.6219834080003
"LKA","Sri Lanka",2,2009,0,175914,99159.9695302764,1e+05,1655.83305833955,123.308120502342
"LKA","Sri Lanka",2,2009,1,708956,395889.276909541,99066.6328114182,281.493611057068,239.269569398508
"LKA","Sri Lanka",2,2009,5,845547,493733.735946389,98909.4435046967,557.253318531292,228.535515764621
"LKA","Sri Lanka",2,2009,10,799388,491766.41321023,98584.050873859,750.247883291768,199.996789031807
"LKA","Sri Lanka",2,2009,15,815218,489459.99182378,98122.5144102331,767.870031058456,280.832331058456
"LKA","Sri Lanka",2,2009,20,822992,486996.599170697,97661.4823192788,886.074475005908,273.027075005908
"LKA","Sri Lanka",2,2009,25,851903,484412.094252445,97137.1573489998,895.982960259592,211.930060259592
"LKA","Sri Lanka",2,2009,30,807152,481819.367101436,96627.680351978,883.867719179001,208.815519179001
"LKA","Sri Lanka",2,2009,35,702488,478958.932549254,96100.0664885964,904.30711692304,169.25021692304
"LKA","Sri Lanka",2,2009,40,687194,475492.994450659,95483.5065311051,1112.55570331409,145.480903314093
"LKA","Sri Lanka",2,2009,45,660277,470705.337593145,94713.6912491585,1606.48392413022,153.371924130224
"LKA","Sri Lanka",2,2009,50,614558,463682.005602328,93568.4437880995,2205.55670290262,158.398702902618
"LKA","Sri Lanka",2,2009,55,525425,452885.739042927,91904.3584528316,3079.58318240182,143.356182401821
"LKA","Sri Lanka",2,2009,60,463353,437220.759824604,89249.9371643391,3827.43028872511,141.145288725113
"LKA","Sri Lanka",2,2009,65,309323,411982.668060467,85638.3667655025,4868.03758630345,113.669586303447
"LKA","Sri Lanka",2,2009,70,198873,366786.436178079,79154.7004586843,6286.75897574114,74.2779757411418
"LKA","Sri Lanka",2,2009,75,152341,302054.724071697,67559.8740125471,7211.11067758477,65.5576775847677
"LKA","Sri Lanka",2,2009,80,101574,225591.983547855,53262.0156161316,7333.41614188632,55.8531418863252
"LKA","Sri Lanka",2,2009,85,58071,208742.19602013,36974.7778030102,9372.374103231,43.6521032310003
"LKA","Sri Lanka",2,2010,0,173516,99179.0967679945,1e+05,1595.76463014247,97.0657620719327
"LKA","Sri Lanka",2,2010,1,709803,395985.661188817,99087.8852977717,273.266127102683,228.471445955081
"LKA","Sri Lanka",2,2010,5,859765,494275.253635766,98935.435296826,279.649199657198,184.721667037357
"LKA","Sri Lanka",2,2010,10,802991,493448.606320923,98774.6661574803,276.462366855041,160.389126035366
"LKA","Sri Lanka",2,2010,15,815301,491627.999847091,98604.7763708889,925.955394592037,224.685294592037
"LKA","Sri Lanka",2,2010,20,812595,488426.196647393,98046.4235679475,1201.80493295921,215.425032959209
"LKA","Sri Lanka",2,2010,25,840131,485102.755284396,97324.0550910096,1051.25417211224,166.913572112241
"LKA","Sri Lanka",2,2010,30,822880,482178.788557682,96717.047022749,960.089302572059,169.784902572059
"LKA","Sri Lanka",2,2010,35,709846,479124.990902829,96154.4684003236,976.250966051921,136.927666051921
"LKA","Sri Lanka",2,2010,40,683649,475634.755453969,95495.5279608079,1059.54077459169,116.177374591691
"LKA","Sri Lanka",2,2010,45,661347,470914.107112927,94758.3742207798,1616.60103478807,123.026034788066
"LKA","Sri Lanka",2,2010,50,627213,463894.124207515,93607.2686243909,2240.21251092226,129.399510922258
"LKA","Sri Lanka",2,2010,55,537074,453624.957790768,91950.381058615,2901.62535930973,117.553359309726
"LKA","Sri Lanka",2,2010,60,486511,438131.897126448,89499.6020576924,4160.13270017584,118.575700175844
"LKA","Sri Lanka",2,2010,65,332036,413640.313406283,85753.1567928868,4856.58730977075,97.7543097707552
"LKA","Sri Lanka",2,2010,70,201327,369218.682249548,79702.9685696262,6389.82630986647,60.3883098664691
"LKA","Sri Lanka",2,2010,75,152690,303885.644786306,67984.5043301929,7242.81758334986,53.0485833498557
"LKA","Sri Lanka",2,2010,80,106595,226708.278522333,53569.7535843296,7737.4686025646,47.5066025645949
"LKA","Sri Lanka",2,2010,85,60155,200992.330705612,37113.5578246034,10244.2769974688,35.34499746878
"LKA","Sri Lanka",2,2011,0,171722,99210.3440579408,1e+05,1518.67337994404,0.58261787968061
"LKA","Sri Lanka",2,2011,1,704076,396134.874356782,99122.6045088231,263.304439972999,2.6344727515844
"LKA","Sri Lanka",2,2011,5,868367,494494.944207581,98974.4613094436,265.069648636166,2.48843062925169
"LKA","Sri Lanka",2,2011,10,807960,493735.316879402,98823.5163735888,250.218940864381,2.48920626592882
"LKA","Sri Lanka",2,2011,15,807913,492654.201288587,98670.6103781721,458.423360773348,2.17736077334852
"LKA","Sri Lanka",2,2011,20,802954,491113.78284565,98391.0701372627,550.373691421784,2.07799142178418
"LKA","Sri Lanka",2,2011,25,829232,489499.694658,98054.4430009972,523.472107838061,2.19100783806097
"LKA","Sri Lanka",2,2011,30,831768,487814.313515446,97745.4348622029,622.60444367565,2.26994367564974
"LKA","Sri Lanka",2,2011,35,726482,485810.814369271,97380.2905439756,652.376692152614,2.02599215261398
"LKA","Sri Lanka",2,2011,40,685764,483170.920723238,96944.0352037329,879.542590702615,2.06939070261509
"LKA","Sri Lanka",2,2011,45,665630,479179.670926914,96324.3330855623,1356.87292116414,2.14192116414347
"LKA","Sri Lanka",2,2011,50,637448,472883.007463286,95347.5352852032,2078.44306703697,2.32306703697155
"LKA","Sri Lanka",2,2011,55,549644,463282.320947612,93805.6677001113,2726.85913454294,2.39013454294411
"LKA","Sri Lanka",2,2011,60,498793,448875.29067997,91507.2606789335,3849.6683641981,2.59436419810048
"LKA","Sri Lanka",2,2011,65,358126,425922.611460727,88042.8555930544,4806.71109810629,2.12009810629237
"LKA","Sri Lanka",2,2011,70,214790,384272.241852685,82326.1889912363,6116.88818455205,1.59018455205172
"LKA","Sri Lanka",2,2011,75,153290,318629.016139504,71382.7077498376,7367.35723813566,1.38523813566345
"LKA","Sri Lanka",2,2011,80,108250,238620.029126264,56068.8987059638,7571.32297439268,1.24097439268362
"LKA","Sri Lanka",2,2011,85,66704,230090.864345019,39379.1129445418,10286.5303715757,0.983371575656348
"LKA","Sri Lanka",2,2012,0,170149,99249.623257327,1e+05,1429.34606252636,0.331420689681881
"LKA","Sri Lanka",2,2012,1,699395,396324.527691473,99166.2480636966,250.341152074417,1.55168021055528
"LKA","Sri Lanka",2,2012,5,873473,494778.840215361,99024.3878289829,242.280087130357,1.49247256572086
"LKA","Sri Lanka",2,2012,10,817393,494094.526902135,98887.1482571614,225.791813936055,1.5128701404013
"LKA","Sri Lanka",2,2012,15,799580,493157.374127997,98750.6625036926,386.489541267972,1.29824126797201
"LKA","Sri Lanka",2,2012,20,796721,491869.252348661,98512.287147506,448.474499375478,1.25239937547784
"LKA","Sri Lanka",2,2012,25,814969,490527.706386583,98235.4137919584,431.543711015709,1.33001101570921
"LKA","Sri Lanka",2,2012,30,833335,489082.120212363,97975.668762675,542.666327087114,1.39752708711457
"LKA","Sri Lanka",2,2012,35,748549,487284.067672475,97657.1793222703,615.590042948965,1.28494294896475
"LKA","Sri Lanka",2,2012,40,686071,484756.549352579,97256.4477467197,863.717047844531,1.28874784453117
"LKA","Sri Lanka",2,2012,45,670158,480945.18951392,96646.171994312,1273.95834365148,1.32634365148042
"LKA","Sri Lanka",2,2012,50,644461,474836.507606635,95731.9038112562,2075.47797389769,1.44797389768605
"LKA","Sri Lanka",2,2012,55,566727,465337.886283802,94202.6992313978,2764.89101911643,1.51901911642736
"LKA","Sri Lanka",2,2012,60,504716,450886.144061605,91932.455282123,3929.55469845415,1.60369845414484
"LKA","Sri Lanka",2,2012,65,386618,428642.623545989,88422.002342519,4858.81187934478,1.39987934477939
"LKA","Sri Lanka",2,2012,70,231887,389390.348336176,83035.0470758766,6142.09379080546,1.04379080545751
"LKA","Sri Lanka",2,2012,75,153912,325073.496716118,72721.092258594,7297.46570158739,0.841701587388299
"LKA","Sri Lanka",2,2012,80,109642,242885.995857721,57308.3064278534,7882.67811337317,0.763113373167825
"LKA","Sri Lanka",2,2012,85,72466,237286.809767644,39846.091915235,10892.0522489899,0.64324898994393
"LKA","Sri Lanka",2,2013,0,168837,99296.7040245707,1e+05,1328.70453220656,0.798009176315691
"LKA","Sri Lanka",2,2013,1,695182,396552.759581793,99218.5600273008,234.823184101489,3.53832799691298
"LKA","Sri Lanka",2,2013,5,874651,495116.933571906,99084.6098075465,216.307849839898,3.32755603011971
"LKA","Sri Lanka",2,2013,10,829485,494498.074800566,98962.1636212159,209.841772086225,3.40318129279601
"LKA","Sri Lanka",2,2013,15,792234,493649.426977472,98837.0662990107,344.018857415504,2.84445741550348
"LKA","Sri Lanka",2,2013,20,793077,492446.06290417,98622.7044919781,429.97344233034,2.75504233034032
"LKA","Sri Lanka",2,2013,25,798891,491142.222146745,98355.7206696898,414.054578642136,2.84437864213547
"LKA","Sri Lanka",2,2013,30,828494,489742.893960125,98101.1681890081,516.268439718803,3.0060397188032
"LKA","Sri Lanka",2,2013,35,772556,488087.331193316,97795.989395042,565.141222830813,2.85382283081319
"LKA","Sri Lanka",2,2013,40,686613,485689.431779633,97438.9430822843,851.200164258137,2.76646425813732
"LKA","Sri Lanka",2,2013,45,674486,481795.615367906,96836.8296295689,1337.52310666351,2.8411066635066
"LKA","Sri Lanka",2,2013,50,649191,475573.541033223,95881.4165175936,2093.22046811899,3.15246811898679
"LKA","Sri Lanka",2,2013,55,585974,466244.342274148,94347.9998956957,2762.76788170156,3.35688170155914
"LKA","Sri Lanka",2,2013,60,507459,451817.277718698,92149.7370139636,4012.5274233658,3.47842336579869
"LKA","Sri Lanka",2,2013,65,415275,429201.880841402,88577.1740735156,5295.98681100152,3.28081100152261
"LKA","Sri Lanka",2,2013,70,251868,390367.856118627,83103.5782630452,6490.78961355054,2.47261355053891
"LKA","Sri Lanka",2,2013,75,155855,324332.194180937,73043.5641844057,7858.8921729774,1.87517297740256
"LKA","Sri Lanka",2,2013,80,111327,238848.005023895,56689.313487969,8314.95185833134,1.70185833133634
"LKA","Sri Lanka",2,2013,85,76898,230499.053375233,38849.8885215891,11616.4583475056,1.52034750557741
"LKA","Sri Lanka",2,2014,0,167770,99342.9577906654,1e+05,1232.90035864497,1.80086604873032
"LKA","Sri Lanka",2,2014,1,690267,396775.693379795,99269.9531007393,220.447103640527,8.32276084005734
"LKA","Sri Lanka",2,2014,5,872742,495444.666937524,99143.2368410883,191.314622399033,8.13782966848772
"LKA","Sri Lanka",2,2014,10,841136,494892.164628502,99034.6299339213,191.028794090039,8.5243414770163
"LKA","Sri Lanka",2,2014,15,788721,494143.254576536,98922.2359174797,298.749222274351,6.65462227435068
"LKA","Sri Lanka",2,2014,20,789865,493121.90320162,98735.0659131349,354.58341006998,6.47061006997977
"LKA","Sri Lanka",2,2014,25,783397,491987.759753892,98513.6953675132,369.872633763572,6.75493376357201
"LKA","Sri Lanka",2,2014,30,819372,490649.074697385,98281.4085340436,506.31521864744,7.15351864743996
"LKA","Sri Lanka",2,2014,35,792775,488920.866607422,97978.2213449103,629.289655149891,7.08805514989102
"LKA","Sri Lanka",2,2014,40,690707,486531.055753992,97590.1252980584,806.121157497753,6.86215749775274
"LKA","Sri Lanka",2,2014,45,677821,482827.802393484,97022.2970035384,1282.38517529414,6.97217529413745
"LKA","Sri Lanka",2,2014,50,653197,476632.005185275,96108.8239538553,2144.53203488328,7.84003488328196
"LKA","Sri Lanka",2,2014,55,603630,467284.627121258,94543.9781202546,2808.47081544598,8.56381544597887
"LKA","Sri Lanka",2,2014,60,512098,452706.047371485,92369.8727282486,4137.14285664774,8.80485664774823
"LKA","Sri Lanka",2,2014,65,440449,430410.887069985,88712.5462203455,5383.42939359256,8.68739359256361
"LKA","Sri Lanka",2,2014,70,274016,392590.957583632,83451.8086076484,6887.01558032249,6.78658032248798
"LKA","Sri Lanka",2,2014,75,161049,329013.102351587,73584.5744258043,7618.39509502528,4.92809502528492
"LKA","Sri Lanka",2,2014,80,113361,242705.329890125,58020.6665148307,8855.32259995546,4.45459995545522
"LKA","Sri Lanka",2,2014,85,79652,234474.39335763,39061.4654412193,11842.8611962808,4.02519628076741
"LKA","Sri Lanka",2,2015,0,166895,99385.8736161839,1e+05,1145.86620923623,0.223449054094379
"LKA","Sri Lanka",2,2015,1,684003,396986.421416703,99317.6373513155,203.978845448496,0.980945684034514
"LKA","Sri Lanka",2,2015,5,869503,495756.142491173,99199.2506894159,168.451525739489,0.923725106208367
"LKA","Sri Lanka",2,2015,10,849761,495255.213021772,99103.2063070533,179.00540571253,0.962101994724721
"LKA","Sri Lanka",2,2015,15,790344,494412.08403988,98998.8789016556,372.341696080802,0.812551737247671
"LKA","Sri Lanka",2,2015,20,785659,493073.950047845,98765.9547142963,481.728595639264,0.794720984689661
"LKA","Sri Lanka",2,2015,25,770357,491630.941296956,98463.6253048415,430.711662462359,0.788387600291569
"LKA","Sri Lanka",2,2015,30,807532,490189.690087466,98188.7512139409,496.895322837472,0.835946077628988
"LKA","Sri Lanka",2,2015,35,805316,488462.96028587,97887.1248210455,641.442074454456,0.844853908190731
"LKA","Sri Lanka",2,2015,40,700167,486097.533503358,97498.0592933024,802.445269446075,0.798591598755365
"LKA","Sri Lanka",2,2015,45,679741,482432.107483034,96940.9541080406,1280.86189553435,0.801694698738447
"LKA","Sri Lanka",2,2015,50,657325,476461.866298276,96031.8888851729,2040.46595510359,0.88991159990374
"LKA","Sri Lanka",2,2015,55,617435,467262.964339198,94552.8576341376,2907.75014424696,0.971831863263518
"LKA","Sri Lanka",2,2015,60,521569,453155.468615282,92352.3281015414,3962.18320522649,0.97628068796232
"LKA","Sri Lanka",2,2015,65,459858,431582.533865964,88909.8593445715,5526.51617333277,0.982096795295372
"LKA","Sri Lanka",2,2015,70,297966,392823.399083988,83723.154201814,7825.65388003871,0.781120300299076
"LKA","Sri Lanka",2,2015,75,170498,326817.463797799,73406.2054317812,8391.63494663684,0.545636569127443
"LKA","Sri Lanka",2,2015,80,115576,240382.719608911,57320.7800873383,8889.25660553773,0.474903284891985
"LKA","Sri Lanka",2,2015,85,80857,239061.041915436,38832.307756226,11610.05173906,0.423305799265635
"LKA","Sri Lanka",2,2016,0,166603,99424.48185682,1e+05,1071.53408650292,1.46065561524846
"LKA","Sri Lanka",2,2016,1,675691,397169.999031188,99360.5353964666,192.910965247328,6.90326766354979
"LKA","Sri Lanka",2,2016,5,866540,496017.677602791,99247.1426653508,152.362857030418,6.86612518602968
"LKA","Sri Lanka",2,2016,10,855863,495558.887553367,99159.9283757656,166.319462269326,7.29198534691232
"LKA","Sri Lanka",2,2016,15,792867,494751.411220164,99063.6266455813,363.281573673427,5.6809657248422
"LKA","Sri Lanka",2,2016,20,776612,493441.35980002,98836.9378424842,467.961211729309,5.42799472607113
"LKA","Sri Lanka",2,2016,25,760884,492024.263016767,98539.6060775239,416.775228978049,5.57911673297085
"LKA","Sri Lanka",2,2016,30,795900,490611.757715055,98270.0991291828,479.370100634092,5.92684800596017
"LKA","Sri Lanka",2,2016,35,813026,488920.563850261,97974.6039568393,633.535584632031,6.17443898146558
"LKA","Sri Lanka",2,2016,40,716847,486597.854026803,97593.6215832652,807.453121146533,6.04310678426369
"LKA","Sri Lanka",2,2016,45,681709,482987.799106016,97045.520027456,1264.53920703452,6.03089824439573
"LKA","Sri Lanka",2,2016,50,661421,477095.291590534,96149.5996149503,2025.57167767717,6.74451749593779
"LKA","Sri Lanka",2,2016,55,627638,467984.939056374,94688.5170212635,2927.80879521565,7.58683809947722
"LKA","Sri Lanka",2,2016,60,533591,454018.012806414,92505.4586012862,4000.26008055614,7.79508611227898
"LKA","Sri Lanka",2,2016,65,470790,432874.897549316,89101.7465212794,5496.16828344299,7.87990276611237
"LKA","Sri Lanka",2,2016,70,322345,394629.392798502,84048.2124984471,8368.14876751157,6.80363988281152
"LKA","Sri Lanka",2,2016,75,181996,328147.960378205,73803.5446209537,9066.80428988303,4.73184444761469
"LKA","Sri Lanka",2,2016,80,115744,240275.432678943,57455.6395303282,9056.75285790744,3.888802959363
"LKA","Sri Lanka",2,2016,85,86816,237577.758272843,38654.5335412491,12494.1268435394,3.74720313584962
"LKA","Sri Lanka",2,2017,0,166597,99459.332596457,1e+05,1006.2579244604,1.68588438742353
"LKA","Sri Lanka",2,2017,1,669585,397338.16253091,99399.2584405078,181.76823257446,7.98038776144297
"LKA","Sri Lanka",2,2017,5,860843,496256.609131055,99291.3954275406,139.029198017993,8.05870604455553
"LKA","Sri Lanka",2,2017,10,859442,495830.37604555,99211.2482248815,156.600276612532,8.6141379652516
"LKA","Sri Lanka",2,2017,15,800611,495058.527918951,99120.9021933383,353.186550020358,6.73807400174303
"LKA","Sri Lanka",2,2017,20,766071,493787.131192757,98902.508974242,450.168379823176,6.25865171546558
"LKA","Sri Lanka",2,2017,25,753471,492406.93410287,98612.3435028607,400.774463255772,6.47367903072544
"LKA","Sri Lanka",2,2017,30,780364,491034.218936019,98350.4301382873,456.38212147299,6.87028027038046
"LKA","Sri Lanka",2,2017,35,813363,489389.570296071,98063.2574361203,616.079517098484,7.25626889090686
"LKA","Sri Lanka",2,2017,40,738672,487121.419730867,97692.570682308,813.66120202034,7.30604661938422
"LKA","Sri Lanka",2,2017,45,681870,483579.406196372,97155.9972100387,1241.16897096797,7.13145306610084
"LKA","Sri Lanka",2,2017,50,665797,477778.2403931,96275.7652685102,2007.0058623133,7.95426990611606
"LKA","Sri Lanka",2,2017,55,634643,468772.125359756,94835.5308887297,2927.29111549146,9.04579786887354
"LKA","Sri Lanka",2,2017,60,550067,454962.784517047,92673.3192551725,4064.208924379,9.45659323428044
"LKA","Sri Lanka",2,2017,65,475791,434258.855724988,89311.7945516464,5390.59586807389,9.38056369601232
"LKA","Sri Lanka",2,2017,70,348867,396534.736532709,84391.7477383489,8947.10555627181,8.74273527541325
"LKA","Sri Lanka",2,2017,75,196548,329577.799127538,74222.1468747345,9907.48209177546,6.05369307445165
"LKA","Sri Lanka",2,2017,80,115721,240247.278237014,57608.9727762809,9209.15225170264,4.61022685590057
"LKA","Sri Lanka",2,2017,85,91490,235265.319965859,38489.9385185245,13268.0429464202,4.70554436912922
"LKA","Sri Lanka",2,2018,0,166478,99486.4611784619,1e+05,954.824683561236,0.372586539834214
"LKA","Sri Lanka",2,2018,1,664530,397472.361655453,99429.4013094021,170.841771416216,1.53994042636802
"LKA","Sri Lanka",2,2018,5,852751,496450.979469127,99327.2164835038,127.180109111939,1.30419203550329
"LKA","Sri Lanka",2,2018,10,860528,496048.577141877,99253.1753041471,150.785393614179,1.32373431205688
"LKA","Sri Lanka",2,2018,15,811943,495315.205984622,99166.2555526038,338.387243439097,1.28642907992759
"LKA","Sri Lanka",2,2018,20,756641,494100.748266926,98959.8268412452,427.789221005387,1.20816171342187
"LKA","Sri Lanka",2,2018,25,747064,492776.235901905,98680.472465525,379.690803269124,1.11891021305509
"LKA","Sri Lanka",2,2018,30,762528,491462.837607481,98430.0218952372,426.534015105415,1.19702614653579
"LKA","Sri Lanka",2,2018,35,807657,489884.425585473,98155.1131477553,587.677864579059,1.23383151607294
"LKA","Sri Lanka",2,2018,40,762065,487691.78307281,97798.657086434,813.488707343976,1.19575158139772
"LKA","Sri Lanka",2,2018,45,682434,484240.422982329,97278.0561426901,1211.9070951114,1.15075698823252
"LKA","Sri Lanka",2,2018,50,670278,478554.738630331,96418.1130502416,1980.95357080452,1.26101103770368
"LKA","Sri Lanka",2,2018,55,639380,469680.297358398,95003.7824018909,2907.00159643933,1.3955541440658
"LKA","Sri Lanka",2,2018,60,568816,456058.94168679,92868.3365414684,4132.23395986558,1.41717950212827
"LKA","Sri Lanka",2,2018,65,478381,435817.850753269,89555.2401332476,5250.49387474917,1.35658665462196
"LKA","Sri Lanka",2,2018,70,375115,398635.648617842,84771.90016806,9494.22898753178,1.22516680684797
"LKA","Sri Lanka",2,2018,75,213653,331206.94003057,74682.3592790766,10890.1029381558,0.836556579007488
"LKA","Sri Lanka",2,2018,80,117175,240387.937292059,57800.4167331516,9478.61638234773,0.612824029663684
"LKA","Sri Lanka",2,2018,85,94494,234947.939163985,38354.7581836719,13662.5197944497,0.612981482498407
"LKA","Sri Lanka",2,2019,0,165691,99512.3319427562,1e+05,902.202063193773,2.91573820499956
"LKA","Sri Lanka",2,2019,1,659053,397594.945833255,99458.1466030625,164.130331372571,9.53072494437713
"LKA","Sri Lanka",2,2019,5,843225,496620.74514694,99359.1296951481,118.789124996785,5.9553109364782
"LKA","Sri Lanka",2,2019,10,859670,496238.192800555,99289.1683636278,143.890279737677,5.43027044467228
"LKA","Sri Lanka",2,2019,15,823840,495526.495094492,99206.1087565941,335.203445730475,7.03849686934161
"LKA","Sri Lanka",2,2019,20,751634,494333.819487468,99004.4892812028,418.822572836104,6.53199581873176
"LKA","Sri Lanka",2,2019,25,739948,493032.323132359,98729.0385137845,367.920310754013,4.82544816873047
"LKA","Sri Lanka",2,2019,30,744875,491746.832570852,98483.890739159,407.541952286834,5.20201227960783
"LKA","Sri Lanka",2,2019,35,798110,490203.372665605,98214.8422891817,567.13207432187,4.97935834857675
"LKA","Sri Lanka",2,2019,40,781555,488056.048580224,97866.5067770601,817.646641619536,4.20638152061536
"LKA","Sri Lanka",2,2019,45,686857,484664.845492218,97355.9126550294,1198.77373053876,4.14945020734002
"LKA","Sri Lanka",2,2019,50,674256,479062.512448653,96510.0255418578,1963.45608689394,4.48586167860318
"LKA","Sri Lanka",2,2019,55,643573,470286.348303424,95114.9794376036,2894.88928061242,4.47170266998653
"LKA","Sri Lanka",2,2019,60,586399,456818.42166422,92999.559883766,4199.81218660333,4.42530861072534
"LKA","Sri Lanka",2,2019,65,483535,436999.161329034,89727.8087819218,5151.76331824636,4.3702622693835
"LKA","Sri Lanka",2,2019,70,397752,400333.324094585,85071.8557496918,9945.83554891489,3.44055774362739
"LKA","Sri Lanka",2,2019,75,232966,332443.742283128,75061.473888142,12014.9865908906,2.32042422806815
"LKA","Sri Lanka",2,2019,80,121882,240181.454689571,57916.0230251093,10027.0981188607,1.67721720534669
"LKA","Sri Lanka",2,2019,85,95498,237752.428676193,38156.5588507191,13482.4816906509,1.72028454757598
